{
    "accuracy": 0.9505428226779252,
    "precision": 0.9,
    "recall": 0.7168141592920354
}
